,Mora,Motivo salida_despido,Motivo salida_pensión,Motivo salida_renuncia,Linea de Credito_Libre Inversion,Linea de Credito_Vehículo,Linea de Credito_Vivienda,Estado Crediticio_Reestructurado,Estado Crediticio_Vigente,Valor crédito,Plazo crédito,Plazo residual,Saldo  Capital,edad,endeudameinto,antigüedad cuando otorgaron el crédito,tiempo trabajado,tasa,cuota total,Cuentas x Cobrar,Provisión General,cargo,Calif. Ope. Sup. Act.
0,0,1.0,0.0,0.0,0.0,0.0,1.0,0.0,1.0,0.20693069306930692,1.0,0.3070175438596491,0.08309826953799002,1.0,0.0741519247587339,0.6053514659131048,0.6182257199069934,0.2469135802469136,0.12035105859783349,0.03956809063976655,0.08574016682177137,2.0,0.0
1,0,0.0,0.0,1.0,0.0,0.0,1.0,0.0,1.0,0.1306930693069307,1.0,0.9517543859649122,0.14681274775508135,0.5682408579231334,0.002577596391365052,1.0,1.0000000000000002,0.2469135802469136,0.08943960952618867,0.0025689513876813487,0.14927106254430847,0.0,0.0
2,0,0.0,1.0,0.0,0.0,1.0,0.0,0.0,1.0,0.0394059405940594,0.1875,0.2763157894736842,0.04975358348052127,0.753014054486112,0.10716970710526719,0.9025962557400211,0.916204614559113,0.45524691358024694,0.09091591902376432,0.0009042871648189838,0.0,6.0,0.0
3,0,0.0,0.0,1.0,1.0,0.0,0.0,0.0,1.0,0.0396039603960396,0.0,0.08771929824561403,0.031903486924742375,0.5782988076999934,0.0856897371772251,0.8918226774991168,0.9033267751743875,0.45524691358024694,0.15485221367337965,0.0005974778702606305,0.0,6.0,0.0
4,0,0.0,1.0,0.0,0.0,0.0,1.0,0.0,1.0,0.6237623762376238,1.0,0.881578947368421,0.5942955636719364,0.7599413841337509,0.07158967120303174,0.8614447191805015,0.9286353067429801,0.2469135802469136,0.42973785119153257,0.0,0.5954645323986211,2.0,0.0
5,0,0.0,1.0,0.0,0.0,1.0,0.0,0.0,1.0,0.06707029702970296,0.1875,0.07456140350877193,0.007366662231754228,0.7599413841337509,0.03185172683615386,0.7877958318615331,0.9286353067429801,0.45524691358024694,0.12102528224060735,0.0,0.0,2.0,0.0
6,0,0.0,1.0,0.0,0.0,0.0,1.0,0.0,1.0,0.42574257425742573,1.0,0.5921052631578947,0.29130809630114396,0.8266835409311929,0.04510793684888841,0.7831155068880252,0.7881416562332322,0.2469135802469136,0.27293934256304536,0.005167878396095411,0.2933500721784023,6.0,0.0
7,1,0.0,1.0,0.0,0.0,0.0,1.0,0.0,1.0,0.22772277227722773,1.0,0.4473684210526315,0.12024998539005312,0.8811696529674283,0.1041471684796784,0.6993995054750971,0.7244678948309784,0.2469135802469136,0.1376866744780804,0.0021130778072168815,0.12278483628714269,6.0,0.0
8,1,1.0,0.0,0.0,0.0,0.0,1.0,1.0,0.0,0.14667045544554455,1.0,0.3114035087719298,0.1631589489284183,0.4221674548724438,0.059223345658744646,0.653744259978806,0.6705419424074406,0.0,0.0738185491876203,0.41816239136550204,0.16557016517746456,6.0,4.0
9,0,0.0,1.0,0.0,0.0,0.0,1.0,0.0,1.0,0.07128712871287128,1.0,0.32017543859649117,0.02982051549867959,0.8216212615733033,0.019638829648495636,0.6440303779583185,0.8112144517975318,0.2469135802469136,0.03813823001361083,0.03848137266098604,0.0326159236211977,7.0,0.0
10,0,0.0,1.0,0.0,0.0,0.0,1.0,0.0,1.0,0.27932565742574256,1.0,0.5877192982456141,0.18490265399643097,0.8329447811896357,0.015542292526504749,0.6391734369480749,0.673761402253622,0.2469135802469136,0.17621144262870872,0.003220548138812352,0.1872512191620122,6.0,0.0
11,0,0.0,1.0,0.0,0.0,0.0,1.0,0.0,1.0,0.4471287128712871,1.0,0.3070175438596491,0.05512629502692897,0.9527076533670819,0.0016877119229175936,0.6274284705051218,0.6659810409586836,0.2469135802469136,0.2459578639613438,0.0009947565721887546,0.05784878830815848,6.0,0.0
12,0,0.0,1.0,0.0,0.0,1.0,0.0,0.0,1.0,0.00693069306930693,0.1875,0.20175438596491224,0.015039049464319333,0.7140478252181445,0.0,0.6207170611091486,0.6406725093900911,0.45524691358024694,0.030207283730674942,0.0003081656574874353,0.0,7.0,0.0
13,0,0.0,1.0,0.0,0.0,0.0,1.0,0.0,1.0,0.08415841584158415,1.0,0.21929824561403505,0.02488188477652295,0.8458669153400385,0.004142565628979548,0.5778876722006357,0.7597925236988017,0.2469135802469136,0.04430726248600686,0.0004762190244006978,0.027691522728320473,6.0,0.0
14,0,0.0,1.0,0.0,0.0,0.0,1.0,0.0,1.0,0.3465346534653465,1.0,0.32017543859649117,0.10592543791949667,0.753014054486112,0.08206882796078371,0.5162486753797244,0.916204614559113,0.2469135802469136,0.19973722797991716,0.0528213840924128,0.10850156257777198,6.0,0.0
15,0,0.0,0.0,1.0,0.0,0.0,1.0,0.0,1.0,0.08503400693069306,1.0,0.3421052631578947,0.03722881705764868,0.6837407580097251,0.0075640179818033965,0.4749205227834687,0.5046503308889286,0.2469135802469136,0.0467982082539332,0.0006970349092552509,0.04000287941200448,7.0,0.0
16,0,0.0,1.0,0.0,0.0,0.0,1.0,0.0,1.0,0.10396039603960396,1.0,0.43421052631578944,0.05804366164136193,0.7903816692200093,0.02605213495558249,0.454521370540445,0.5283491325344304,0.2469135802469136,0.060454684723865296,0.028495557504498375,0.060757749540941285,7.0,0.0
17,0,1.0,0.0,0.0,0.0,0.0,1.0,0.0,1.0,0.3366336633663366,1.0,0.3333333333333333,0.14065073248240073,0.9456471058416042,0.027479018672231,0.43544683857294236,0.5105526739402612,0.2469135802469136,0.20004250746154978,0.0025266328642939897,0.14312680207660936,6.0,0.0
18,0,1.0,0.0,0.0,0.0,0.0,1.0,0.0,1.0,0.4752475247524752,1.0,0.6447368421052632,0.3433420439205969,0.6529674282288683,0.03758994737407367,0.4161956905687036,0.47648005723484177,0.2469135802469136,0.3082663306797309,0.00598495142457442,0.34523409277698364,2.0,0.0
19,0,0.0,0.0,1.0,1.0,0.0,0.0,0.0,1.0,0.036633663366336625,0.0,0.08771929824561403,0.030657788866156804,0.7082528475321389,0.03528852202464059,0.41239844577887674,0.4301556072258989,0.45524691358024694,0.14642944555759282,0.0005761829722740428,0.0,4.0,0.0
20,1,0.0,0.0,1.0,0.0,0.0,1.0,0.0,1.0,0.28277227722772275,1.0,0.3684210526315789,0.12387796544284545,0.42230067275028327,0.016877119229175935,0.390674673260332,0.4776426399570739,0.2469135802469136,0.16811318032989175,0.004378339535076766,0.126402362928922,4.0,0.0
21,0,0.0,0.0,1.0,1.0,0.0,0.0,0.0,1.0,0.029702970297029698,0.0,0.12280701754385966,0.03551662903952495,0.13708119629654292,0.11689706491553768,0.37990109501942776,0.3908066535503488,0.45524691358024694,0.1291079278719025,0.0006595992924125871,0.0,6.0,0.0
22,0,0.0,0.0,1.0,0.0,0.0,1.0,0.0,1.0,0.6039603960396039,1.0,0.9342105263157895,0.608010201535719,0.13708119629654292,0.044877794313945105,0.36091487107029313,0.3908066535503488,0.2469135802469136,0.4212459787425749,0.07942861312704318,0.6091396538526114,6.0,0.0
23,0,1.0,0.0,0.0,0.0,0.0,1.0,0.0,1.0,0.5841584158415841,1.0,0.5175438596491229,0.3368194947903116,0.6192633051355495,0.048053761296162754,0.35411515365595186,0.4822035414058309,0.2469135802469136,0.3662252268260525,0.005878205662055665,0.3387303372690224,5.0,0.0
24,0,1.0,0.0,0.0,0.0,0.0,1.0,0.0,1.0,0.10405986138613861,1.0,0.3070175438596491,0.04154800803787342,0.5757676680210485,0.028031360756094942,0.3530554574355351,0.42729386514040424,0.2469135802469136,0.05781462746645194,0.0007691934170824144,0.04430962537381591,6.0,0.0
25,0,1.0,0.0,0.0,1.0,0.0,0.0,0.0,1.0,0.0,0.0,0.05263157894736842,0.005338951412897445,0.37007926463731444,0.03907820243337373,0.31578947368421045,0.35968520837059564,0.45524691358024694,0.03955954842096236,0.00014133301721034664,0.0,0.0,0.0
26,0,1.0,0.0,0.0,0.0,0.0,1.0,0.0,1.0,0.1793647782178218,1.0,0.3596491228070175,0.0748537091985349,0.7064544061813097,0.0069042760482992465,0.30598728364535493,0.29842604185297805,0.2469135802469136,0.1040652990457429,0.0013333047592876271,0.07751936178873911,2.0,0.0
27,1,1.0,0.0,0.0,0.0,0.0,1.0,1.0,0.0,0.1538957287128713,1.0,0.5350877192982456,0.17472815559242286,0.42363285152867547,0.016109977446031574,0.3043094312963617,0.296637453049544,0.0,0.07774601211818595,0.9999999999999999,0.17710603685459803,0.0,4.0
28,0,0.0,1.0,0.0,0.0,0.0,1.0,0.0,1.0,0.2079207920792079,1.0,0.4605263157894736,0.035967948151680536,0.816092719642976,0.01156849808981696,0.28541151536559517,0.48104095868359864,0.2469135802469136,0.11319062530753524,0.0006663811070579972,0.03874564313844781,6.0,0.0
29,0,0.0,0.0,1.0,1.0,0.0,0.0,0.0,1.0,0.02475247524752475,0.0,0.14473684210526316,0.03242981635749055,0.020315726370478848,0.03559537873789834,0.2840868950900742,0.2846539080665355,0.7623456790123457,0.12189610150754218,0.000607243683350021,0.0,6.0,0.0
30,0,0.0,1.0,0.0,0.0,0.0,1.0,0.0,1.0,0.21287128712871287,1.0,0.5350877192982456,0.10841069467450948,0.713914607340305,0.013501695383340749,0.2629812787001059,0.4294401717045252,0.2469135802469136,0.12770441574404104,0.0019086739138042207,0.11097965848571423,6.0,0.0
31,0,1.0,0.0,0.0,0.0,0.0,1.0,0.0,1.0,0.13861386138613863,1.0,0.7763157894736842,0.1272234375037128,0.37007926463731444,0.012995381806465471,0.24461321087954785,0.35968520837059564,0.2469135802469136,0.09053307436206175,0.002232844653854824,0.12973819557778157,0.0,0.0
32,0,0.0,0.0,1.0,0.0,0.0,1.0,0.0,1.0,0.48118811881188117,1.0,0.8289473684210527,0.435819989280333,0.059881436088723095,0.009957500345213801,0.23790180148357465,0.2373457342157039,0.2469135802469136,0.3265887217664184,0.007522253168395983,0.4374455785756362,6.0,0.0
33,0,1.0,0.0,0.0,0.0,0.0,1.0,0.0,1.0,0.2564356435643564,1.0,0.6666666666666666,0.13558037895740319,0.11363484979684269,0.003774337573070255,0.23410455669374775,0.31040958683598646,0.2469135802469136,0.15575123757164716,0.002374313307358079,0.13807105791787258,6.0,0.0
34,0,0.0,1.0,0.0,0.0,0.0,1.0,0.0,1.0,0.4693069306930693,1.0,1.0,0.5032340399398866,0.7534137081196298,0.025315678843763904,0.2054927587424938,0.18798068324092299,0.2469135802469136,0.33115934957339493,0.0381699517324688,0.5046653870482584,6.0,0.0
35,0,0.0,0.0,1.0,1.0,0.0,0.0,0.0,1.0,0.03592177227722772,0.0,0.10087719298245613,0.033598302124323624,0.2624392193432358,0.008285131257959096,0.19418933239138111,0.2166875335360401,0.45524691358024694,0.1453833021897621,0.0006266396732358939,0.0,6.0,0.0
36,1,1.0,0.0,0.0,0.0,0.0,1.0,0.0,1.0,0.32178217821782173,1.0,0.5350877192982456,0.21890662481695988,0.7424898421368148,0.040673857342314004,0.19383610031790882,0.3192631014129852,0.2469135802469136,0.20477400539113744,0.035805539874493024,0.2211572132908587,6.0,0.0
37,0,0.0,1.0,0.0,0.0,1.0,0.0,0.0,1.0,0.06618811881188118,0.1875,0.2763157894736842,0.07245874433795658,0.7534137081196298,0.013348267026711876,0.1831508300953726,0.18798068324092299,0.45524691358024694,0.1392034099468709,0.21600459427251337,0.0,6.0,0.0
38,0,0.0,0.0,1.0,0.0,1.0,0.0,0.0,1.0,0.04950495049504949,0.1875,0.22368421052631576,0.04799972016442386,0.011723173249850172,0.05136781379934639,0.1609855174849876,0.15909497406546239,0.45524691358024694,0.10602687379597081,0.0008912660806997964,0.0,6.0,1.0
39,0,1.0,0.0,0.0,0.0,0.0,1.0,0.0,1.0,0.5217821782178217,1.0,0.75,0.37541891836651897,0.423499633650836,0.09175015726406555,0.15047686329918752,0.14550169915936328,0.2469135802469136,0.3387243113690467,0.009486809234878383,0.3772185431335453,3.0,0.0
40,0,0.0,0.0,1.0,0.0,1.0,0.0,0.0,1.0,0.15742574257425743,0.1875,0.25438596491228066,0.14317773012912388,0.3000732698328116,0.1700599904874419,0.14879901095019427,0.14210338043283852,0.7623456790123457,0.33119671647751375,0.002511305963195363,0.0,2.0,0.0
41,0,1.0,0.0,0.0,0.0,0.0,1.0,0.0,1.0,0.0099009900990099,1.0,0.06140350877192982,0.0,0.4761206953973224,0.005369992482010525,0.14500176616036736,0.6142013950992667,0.2469135802469136,0.0,0.019370490262806166,0.0028813308951332614,0.0,2.0
42,0,0.0,0.0,1.0,1.0,0.0,0.0,0.0,1.0,0.004950495049504948,0.0,0.12280701754385966,0.01617914583874213,0.13648171584626645,0.029933872378292956,0.1404980572235959,0.13959935610803081,0.7623456790123457,0.060078143807270265,0.00032783291995912463,0.0,6.0,0.0
43,0,0.0,0.0,1.0,1.0,0.0,0.0,0.0,1.0,0.02475247524752475,0.0,0.09210526315789473,0.024498670297524026,0.11803103976553664,0.07792626233180416,0.13943836100317905,0.13459130745841533,0.7623456790123457,0.11791377129877725,0.0004701153912198287,0.0,6.0,0.0
44,0,0.0,0.0,1.0,1.0,0.0,0.0,0.0,1.0,0.054236633663366327,0.0,0.14035087719298245,0.05906105011988007,0.09058815693066014,0.03268023996194977,0.13175556340515718,0.1224289035950635,0.9135802469135803,0.22132090098587084,0.0010655587170868362,0.0,6.0,0.0
45,0,0.0,0.0,1.0,0.0,0.0,1.0,0.0,1.0,0.3762376237623762,1.0,0.8157894736842105,0.34282068268441873,0.14400852594418156,0.002362796692084631,0.12054044507241256,0.1756394204972277,0.2469135802469136,0.25452289786387905,0.005989020513361666,0.34471423375504273,6.0,0.0
46,0,0.0,0.0,1.0,0.0,0.0,1.0,0.0,1.0,0.297029702970297,1.0,0.7149122807017544,0.21206929028649713,0.042496503030706734,0.050217101124629855,0.12001059696220416,0.16428188159542126,0.2469135802469136,0.19024280471072463,0.0036872726227094757,0.21433957938361892,6.0,0.0
47,0,1.0,0.0,0.0,0.0,0.0,1.0,0.0,1.0,0.2653465346534653,1.0,0.4780701754385965,0.14502348921231337,0.4758542596416441,0.008285131257959096,0.11921582479689154,0.2958325880879986,0.2469135802469136,0.16212267051787152,0.002561762664157214,0.14748695944745918,6.0,0.0
48,0,1.0,0.0,0.0,0.0,0.0,1.0,0.0,1.0,0.17903647227722772,1.0,0.4605263157894736,0.09757575515334176,0.8215546526343834,0.17678015250778648,0.11718474037442601,0.1581112502235736,0.2469135802469136,0.10759819015884076,0.0017406205468909583,0.10017593801053574,6.0,0.0
49,0,1.0,0.0,0.0,0.0,0.0,1.0,0.0,1.0,0.2653465346534653,1.0,0.46491228070175433,0.14565366093593304,0.2758942250049957,0.0033754238458351873,0.11621335217237728,0.3601323555714542,0.2469135802469136,0.16222558604657947,0.0025795310185281885,0.14811531543782233,6.0,0.0
50,0,0.0,0.0,1.0,0.0,1.0,0.0,0.0,1.0,0.04364356435643564,0.1875,0.04824561403508772,0.01893938740727085,0.3774728568573903,0.06620433588535833,0.1152419639703285,0.15399749597567522,0.45524691358024694,0.0882254960622099,0.00040650196984588186,0.0,6.0,0.0
51,0,1.0,0.0,0.0,0.0,0.0,1.0,0.0,1.0,0.14321128118811882,1.0,0.3508771929824561,0.061205616180590165,0.9555052288017053,0.016846433557850163,0.11435888378664781,0.0,0.2469135802469136,0.08224304081002713,0.0011297146836324158,0.06391059344286663,0.0,0.0
52,0,1.0,0.0,0.0,0.0,0.0,1.0,0.0,1.0,0.3861386138613861,1.0,0.3026315789473684,0.13692970217043265,0.8049690268434025,0.0037283090660815933,0.11126810314376546,0.14702199964228227,0.2469135802469136,0.2262639568546766,0.0023977783860311976,0.13941649353742047,6.0,0.0
53,0,0.0,0.0,1.0,0.0,0.0,1.0,0.0,1.0,0.43960396039603955,1.0,0.9078947368421053,0.43997982239327804,0.13648171584626645,0.016401491323626432,0.1072942423172024,0.13959935610803081,0.5509259259259259,0.3932305439342467,0.05410165506117332,0.44159342583291433,6.0,0.0
54,0,1.0,0.0,0.0,0.0,0.0,1.0,0.0,1.0,0.15279826732673268,1.0,0.32017543859649117,0.05348657275791949,0.2774262306001466,0.01514337879926968,0.10181914517838218,0.0909497406546235,0.2469135802469136,0.08617807178137823,0.000966815495849665,0.056213791138490565,6.0,0.0
55,0,1.0,0.0,0.0,0.0,0.0,1.0,0.0,1.0,0.2796039603960396,1.0,0.3289473684210526,0.10949253957892743,0.7888496636248586,1.0,0.10155422112327797,0.10114469683419786,0.2469135802469136,0.16404678136405465,0.046793164690400665,0.11205838623698534,6.0,0.0
56,0,1.0,0.0,0.0,0.0,0.0,1.0,0.0,1.0,0.24950495049504948,1.0,0.293859649122807,0.08955882319241927,0.6161326850063279,0.010018871687865352,0.10075944895796539,0.2903773922375246,0.2469135802469136,0.1444792176381586,0.0016076969798409202,0.09218210535676663,4.0,0.0
57,0,1.0,0.0,0.0,0.0,0.0,1.0,0.0,1.0,0.6039603960396039,1.0,0.6754385964912281,0.27733908804253493,0.5489908745753681,0.1123095570523344,0.09952313670081245,0.13459130745841533,0.2469135802469136,0.367242932909108,0.004862425464466139,0.2794213132548632,9.0,0.0
58,0,1.0,0.0,0.0,1.0,0.0,0.0,0.0,1.0,0.0594059405940594,0.0,0.09649122807017543,0.04912689457272535,0.641310863917938,0.04710250548506375,0.09899328859060402,0.13637989626184943,0.45524691358024694,0.2136818866754323,0.002241118467722224,0.0,2.0,0.0
59,1,1.0,0.0,0.0,0.0,0.0,1.0,0.0,1.0,0.7772277227722771,1.0,0.7280701754385965,0.6422456177401129,0.2643042696329848,0.26911333752704175,0.09881667255386788,0.0987301019495618,0.2469135802469136,0.5207390863756238,0.09703813739902216,0.6432764264945877,9.0,3.0
60,0,1.0,0.0,0.0,0.0,0.0,1.0,0.0,1.0,0.41089108910891087,1.0,0.7017543859649122,0.17189082974572448,0.5517218410710719,0.01729137579207389,0.09758036029671494,0.057860847791092844,0.2469135802469136,0.24538815166985575,0.04700367221699419,0.17427688628252128,6.0,0.0
61,0,0.0,0.0,1.0,0.0,0.0,1.0,0.0,1.0,0.42765940594059404,1.0,0.7807017543859649,0.3760120867589565,0.2624392193432358,0.006628105006367277,0.09590250794772165,0.2166875335360401,0.2469135802469136,0.28781146932166896,0.006502268245726303,0.3778100024115677,6.0,0.0
62,0,1.0,0.0,0.0,0.0,0.0,1.0,0.0,1.0,0.297029702970297,1.0,0.293859649122807,0.11185662565899301,0.9297941783787383,0.009343786918698313,0.09387142352525608,0.10150241459488465,0.2469135802469136,0.1738767270579075,0.05719565453870232,0.1144156606027897,2.0,0.0
63,0,1.0,0.0,0.0,0.0,0.0,1.0,0.0,1.0,0.30396039603960395,1.0,0.7631578947368421,0.2631312445250521,0.07426896689535734,0.01365512373996962,0.09263511126810314,0.07440529422285819,0.2469135802469136,0.2023379895917399,0.004647441940206639,0.26525440723586047,6.0,0.0
64,0,0.0,0.0,1.0,0.0,0.0,1.0,0.0,1.0,0.1996882415841584,1.0,0.7324561403508771,0.16657791164053515,0.2091520682075534,0.049097074121239086,0.0919286471211586,0.10597388660346987,0.2469135802469136,0.1300593711414749,0.0,0.16897927645241173,3.0,0.0
65,0,0.0,0.0,1.0,0.0,0.0,1.0,0.0,1.0,0.8168316831683168,1.0,0.8421052631578947,0.7320085822464174,0.3000732698328116,0.029105359252497045,0.09051571882726953,0.14210338043283852,0.2469135802469136,0.5568619022792282,0.012624619235016732,0.7327807542191197,2.0,0.0
66,0,0.0,0.0,1.0,0.0,0.0,1.0,0.0,1.0,0.28217821782178215,1.0,0.8333333333333334,0.26197592299798056,0.0,0.0026849962410052624,0.08707170611091487,0.08567340368449294,0.2469135802469136,0.1903444867770607,0.004543815812424772,0.26410241457239875,6.0,0.0
67,0,0.0,0.0,1.0,0.0,0.0,1.0,0.0,1.0,0.3762376237623762,1.0,0.8464912280701754,0.3560585916179638,0.11803103976553664,0.0583181183546343,0.0864535499823384,0.13459130745841533,0.2469135802469136,0.2566848266617274,0.07318418947413537,0.35791399989259065,6.0,0.0
68,0,1.0,0.0,0.0,0.0,0.0,1.0,0.0,1.0,0.040212072277227714,1.0,0.293859649122807,0.0031105808899008726,0.6672217411576634,0.05164398484127836,0.0864535499823384,0.10114469683419786,0.2469135802469136,0.01693505144541226,0.00010945848837691914,0.005982949172214252,6.0,0.0
69,0,0.0,0.0,1.0,0.0,1.0,0.0,0.0,1.0,0.03514851485148515,0.1875,0.07017543859649122,0.015313067299201314,0.14400852594418156,0.006980990226613683,0.08415754150476863,0.1756394204972277,0.45524691358024694,0.07398273546642005,0.0003196947423846325,0.0,6.0,0.0
70,1,0.0,0.0,1.0,0.0,0.0,1.0,0.0,1.0,0.3267326732673267,1.0,0.8903508771929824,0.32248454013286015,0.029974022513821308,0.08288199825091673,0.08274461321087956,0.07834018959041317,0.2469135802469136,0.22437258817494823,0.01123434723270766,0.32443668635930584,6.0,0.0
71,0,1.0,0.0,0.0,0.0,0.0,1.0,0.0,1.0,0.5949848831683168,1.0,0.6228070175438597,0.40144045199890654,0.3089988676480383,0.0006137134265154886,0.08133168491699046,0.1650867465569666,0.2469135802469136,0.38264608929421856,0.006938610200011989,0.40316510011713913,2.0,0.0
72,0,0.0,0.0,1.0,0.0,1.0,0.0,0.0,1.0,0.13861386138613863,0.1875,0.27192982456140347,0.13263680924270088,0.1551322187437556,0.0732006689476349,0.08044860473330978,0.07690931854766592,0.45524691358024694,0.2694178952016761,0.002324127878982044,0.0,9.0,0.0
73,0,0.0,0.0,1.0,0.0,0.0,1.0,0.0,1.0,0.1485148514851485,1.0,0.7894736842105263,0.12065041716696084,0.2812895490574835,0.0,0.08036029671494171,0.06716150956895012,1.0000000000000002,0.15597928999186325,0.002118231986347393,0.12318411428760025,6.0,0.0
74,0,0.0,1.0,0.0,0.0,0.0,1.0,0.0,1.0,0.6135643564356436,1.0,0.9385964912280702,0.6202191235369563,0.39485778991540676,0.011967411817052027,0.07947721653126104,0.10847791092827763,0.2469135802469136,0.42844471400545986,0.010693022787711025,0.6213133979096901,3.0,0.0
75,0,0.0,0.0,1.0,1.0,0.0,0.0,0.0,1.0,0.0099009900990099,0.0,0.06578947368421052,0.010692475214967549,0.4534736561646572,0.2213971186154625,0.07921229247615684,0.09372205329994637,0.9135802469135803,0.07208796322933013,0.0002335656963879241,0.0,5.0,0.0
76,0,1.0,0.0,0.0,0.0,0.0,1.0,0.0,1.0,0.5693069306930693,1.0,0.8859649122807017,0.5438178158170573,0.22360620795310726,0.03927765929699127,0.07894736842105263,0.07333214094079774,0.2469135802469136,0.3919820970777959,0.009375723110986566,0.545132227638153,6.0,0.0
77,0,1.0,0.0,0.0,0.0,1.0,0.0,0.0,1.0,0.07643564356435643,0.1875,0.21929824561403505,0.06750272386984155,0.641310863917938,0.016877119229175935,0.0776227481455316,0.13637989626184943,0.45524691358024694,0.1535828704609118,0.0030284871480543377,0.0,4.0,0.0
78,0,1.0,0.0,0.0,0.0,0.0,1.0,0.0,1.0,0.2524752475247524,1.0,0.75,0.21692099872794912,0.2683674149070806,0.02069748530923485,0.07691628399858708,0.09005544625290648,0.2469135802469136,0.16688892465773156,0.0038399990885241114,0.21917730844764438,6.0,0.0
79,0,1.0,0.0,0.0,0.0,0.0,1.0,0.0,1.0,0.24653465346534656,1.0,0.3157894736842105,0.09078865378755935,0.27283021381469397,0.006152477100817773,0.07435535146591311,0.07360042926131283,0.2469135802469136,0.14307031691077232,0.04864446445230471,0.09340839252960696,6.0,0.0
80,0,1.0,0.0,0.0,0.0,0.0,1.0,0.0,1.0,0.1485148514851485,1.0,0.3070175438596491,0.0547310414629245,0.3287151135682408,0.013624438068643847,0.07417873542917697,0.145591128599535,0.2469135802469136,0.08405991861642213,0.001003844203813604,0.057454674117367814,6.0,0.0
81,0,0.0,0.0,1.0,0.0,0.0,1.0,0.0,1.0,0.27326732673267323,1.0,0.5350877192982456,0.14388421910737975,0.1579297941783786,0.015833806404099607,0.07382550335570469,0.14210338043283852,0.5509259259259259,0.1955592110716222,0.0025655604803586436,0.1463509719566768,6.0,0.0
82,0,0.0,0.0,1.0,0.0,1.0,0.0,0.0,1.0,0.01881188118811881,0.1875,0.20175438596491224,0.023125601897913718,0.0848597881835742,0.03590223545115608,0.07241257506181561,0.1376319084242533,0.45524691358024694,0.05103242517014371,0.32437080358264275,0.0,6.0,0.0
83,0,0.0,0.0,1.0,0.0,0.0,1.0,0.0,1.0,0.2524752475247524,1.0,0.3684210526315789,0.09834322948506848,0.7082528475321389,0.015572978197830522,0.07223595902507948,0.4301556072258989,0.2469135802469136,0.14752357810657127,0.10315004439375866,0.10094120088926774,6.0,0.0
84,1,1.0,0.0,0.0,0.0,0.0,1.0,0.0,1.0,0.6205940594059406,1.0,0.5394736842105263,0.4099212344274042,0.5204156397788583,0.14348619911932123,0.07117626280466267,0.2897513861563227,0.2469135802469136,0.39790997513908766,0.0072492173107717725,0.4116214466052106,9.0,0.0
85,0,1.0,0.0,0.0,0.0,0.0,1.0,0.0,1.0,0.2734316831683168,1.0,0.4868421052631579,0.15417595150417218,0.39872110837274366,0.17797689368949168,0.07117626280466267,0.17054194240744056,0.2469135802469136,0.16799912661991137,0.005389508098707412,0.15661305046694993,6.0,0.0
86,0,0.0,0.0,1.0,0.0,0.0,1.0,0.0,1.0,0.7306930693069307,1.0,0.9385964912280702,0.7355299312377261,0.07926463731432776,0.016263405802660447,0.06958671847403744,0.1025755678769451,0.7021604938271606,0.7317181858096143,0.012691623563713384,0.7362919570176889,6.0,0.0
87,1,1.0,0.0,0.0,0.0,0.0,1.0,0.0,1.0,0.3762376237623762,1.0,0.7456140350877193,0.33468035290843756,0.611403450343036,0.055096122865427984,0.06737901801483577,0.05052763369701307,0.2469135802469136,0.2531934723892801,0.018124399639858513,0.33659735896274173,6.0,3.0
88,0,1.0,0.0,0.0,0.0,0.0,1.0,0.0,1.0,0.4455445544554455,1.0,0.4824561403508772,0.23877764112392463,0.4764537400919203,0.005983705908526014,0.0639350052984811,0.21713468073689865,0.2469135802469136,0.27509206932946295,0.08381563338486607,0.24097097462462047,9.0,0.0
89,0,0.0,1.0,0.0,0.0,1.0,0.0,0.0,1.0,0.11881188118811879,0.1875,0.22807017543859648,0.10020491716083418,0.39485778991540676,0.0429599398560842,0.06278700105969623,0.10847791092827763,0.45524691358024694,0.22901823303769767,0.0017707318039165791,0.0,3.0,0.0
90,0,0.0,0.0,1.0,0.0,0.0,1.0,0.0,1.0,0.9207920792079207,1.0,0.9210526315789473,0.9076017647838268,0.1551322187437556,0.10333399818954539,0.0617273048392794,0.07690931854766592,0.2469135802469136,0.6418798355027597,0.015624758397853256,0.9078679946736111,9.0,0.0
91,0,0.0,0.0,1.0,0.0,0.0,1.0,0.0,1.0,0.2405940594059406,1.0,0.7412280701754386,0.20305263347860436,0.011723173249850172,0.05136781379934639,0.05854821617802896,0.15909497406546239,0.2469135802469136,0.15818503935283434,0.003531155249572135,0.20534890254755753,6.0,1.0
92,0,1.0,0.0,0.0,0.0,0.0,1.0,0.0,1.0,0.5024752475247525,1.0,0.8640350877192983,0.47103154290863264,0.1651901685206154,0.02302959632999371,0.058459908159660894,0.06519406188517263,0.2469135802469136,0.3438757744657528,0.0696093593382468,0.47255567606660104,6.0,0.0
93,0,0.0,0.0,1.0,0.0,0.0,1.0,0.0,1.0,0.201980198019802,1.0,0.6096491228070176,0.1412755234036876,0.08965563178578562,0.07040827285698943,0.05748851995761214,0.07261670541942408,0.7021604938271606,0.17030911192950976,0.002473192164888158,0.1437497927685117,6.0,0.0
94,0,1.0,0.0,0.0,0.0,0.0,1.0,0.0,1.0,0.5188118811881187,1.0,0.8464912280701754,0.48132169893981835,0.1426763471657897,0.0,0.05660543977393146,0.05356823466285104,0.2469135802469136,0.35440991295690805,0.008357908369003417,0.4828161827532983,6.0,0.0
95,0,0.0,0.0,1.0,0.0,0.0,1.0,0.0,1.0,1.0,1.0,0.9342105263157895,0.9999999999999999,0.15573169919403174,0.045583564754437915,0.05660543977393146,0.07771418350921128,0.7021604938271606,1.0,0.01723733828423887,1.0,2.0,0.0
96,0,0.0,0.0,1.0,0.0,0.0,1.0,0.0,1.0,0.7770517178217822,1.0,0.8640350877192983,0.7210526550991463,0.4534736561646572,0.2806511499455329,0.05634051571882726,0.09372205329994637,0.2469135802469136,0.5335139511807052,0.012442866602519741,0.7218563947021246,5.0,0.0
97,0,0.0,0.0,1.0,0.0,0.0,1.0,0.0,1.0,0.44059405940594054,1.0,0.8596491228070176,0.41158760733640043,0.09058815693066014,0.041931969866670755,0.05581066760861888,0.1224289035950635,0.2469135802469136,0.30063134959125315,0.007123889376124594,0.4132830181424614,6.0,0.0
98,0,1.0,0.0,0.0,0.0,0.0,1.0,0.0,1.0,0.21665104455445544,1.0,0.4868421052631579,0.1287042436157812,0.18184240325051626,0.003007195789925894,0.0557223595902508,0.043104990162761585,0.2469135802469136,0.13306706020786355,0.002312734430377755,0.13121473499744954,6.0,0.0
99,0,1.0,0.0,0.0,0.0,0.0,1.0,0.0,1.0,0.16534653465346535,1.0,0.6929824561403509,0.13572948410045804,0.6429760873909279,0.07134418583242555,0.05483927940657012,0.07467358254337328,0.2469135802469136,0.10640996394479861,0.0024052383821411487,0.13821973343967217,4.0,0.0
100,0,1.0,0.0,0.0,0.0,0.0,1.0,0.0,1.0,0.3168316831683168,1.0,0.7324561403508771,0.25358867767172,0.22766935322720305,0.059944458934900344,0.053867891204521366,0.06125916651761761,0.2469135802469136,0.20775513729476566,0.004397735524962638,0.25573933524270653,9.0,0.0
101,0,0.0,0.0,1.0,1.0,0.0,0.0,0.0,1.0,0.033663366336633666,0.0,0.08771929824561403,0.02899351495673356,0.15573169919403174,0.063120425917118,0.053602967149417154,0.07771418350921128,0.9135802469135803,0.14748636849226318,0.0005483775322278613,0.0,2.0,0.0
102,0,0.0,0.0,1.0,0.0,0.0,1.0,0.0,1.0,0.32906179603960395,1.0,0.8552631578947368,0.3108481308447947,0.0848597881835742,0.009052273041103457,0.05342635111268102,0.1376319084242533,0.2469135802469136,0.22373447090331525,0.0053896437350003205,0.3128338054168304,6.0,0.0
103,0,1.0,0.0,0.0,1.0,0.0,0.0,0.0,1.0,0.05207920792079207,0.0,0.04824561403508772,0.025113314290935544,0.23706121361486698,0.059069917302115776,0.05316142705757682,0.12260776247540692,0.45524691358024694,0.18661816285826294,0.00048110193094539304,0.0,6.0,0.0
104,0,1.0,0.0,0.0,0.0,0.0,1.0,0.0,1.0,0.6287128712871287,1.0,0.7236842105263158,0.32125356575222697,0.13534936388463337,0.09147398622213357,0.053073119039208756,0.0631371847612234,0.2469135802469136,0.3878293303719975,0.0055589178285497575,0.32320925882318663,4.0,0.0
105,0,0.0,0.0,1.0,0.0,0.0,1.0,0.0,1.0,0.4798910891089109,1.0,0.7368421052631579,0.3923891384228623,0.1281555984813163,0.09036930205440569,0.05245496291063228,0.14952602396709,0.2469135802469136,0.31879295539122837,0.006844071703854973,0.39413986637054316,6.0,0.0
106,0,0.0,0.0,1.0,0.0,0.0,1.0,0.0,1.0,0.6797029702970296,1.0,0.8596491228070176,0.6272066010726619,0.4005861586624925,0.22880770824063704,0.04998233839632638,0.06975496333392953,0.2469135802469136,0.46542959923764654,0.09472296151537206,0.6282807422104931,3.0,0.0
107,0,1.0,0.0,0.0,0.0,0.0,1.0,0.0,1.0,0.21770693069306932,1.0,0.46491228070175433,0.12111089154606952,0.16272563778059024,0.0074105896251745245,0.04945249028611797,0.08406367376140225,0.2469135802469136,0.13239919968278574,0.002173842866439756,0.12364326188765398,6.0,0.0
108,0,0.0,0.0,1.0,0.0,0.0,1.0,0.0,1.0,0.16683168316831684,1.0,0.46491228070175433,0.09122497062823558,0.1526676880037301,0.0,0.048127870010596964,0.16705419424074408,0.2469135802469136,0.09994665188497709,0.04157564341110085,0.09384345219709009,0.0,0.0
109,0,1.0,0.0,0.0,0.0,0.0,1.0,0.0,1.0,0.11217821782178218,1.0,0.4868421052631579,0.046770558075256666,0.4795843602211417,0.09805606272151218,0.047421405863652406,0.10731532820604545,0.2469135802469136,0.06306727296459397,0.0,0.049517127516425063,2.0,0.0
110,0,1.0,0.0,0.0,0.0,1.0,0.0,0.0,1.0,0.060396039603960394,0.1875,0.0,0.007382598335871243,0.49876773462998736,0.04862144621568958,0.04388908512892972,0.062332319799678064,0.45524691358024694,0.11069548093546097,0.00018717808421331897,0.0,6.0,0.0
111,0,1.0,0.0,0.0,0.0,0.0,1.0,0.0,1.0,0.2425742574257426,1.0,0.45175438596491224,0.13035399909217,0.159728235529208,0.0,0.04247615683504062,0.23519942765158294,0.2469135802469136,0.1473855391076275,0.0023147689747713782,0.13285973698241482,6.0,0.0
112,0,1.0,0.0,0.0,0.0,0.0,1.0,0.0,1.0,0.2752475247524752,1.0,0.45614035087719296,0.14303339428550202,0.18863651502031564,0.016109977446031574,0.042299540798304495,0.27356465748524417,0.2469135802469136,0.16716348996710925,0.002502082695277605,0.1455025986426447,6.0,0.0
113,0,1.0,0.0,0.0,0.0,1.0,0.0,0.0,1.0,0.0026534653465346524,0.1875,0.008771929824561403,0.0003314356296531839,0.2683674149070806,0.023489881399880324,0.0414164606146238,0.09005544625290648,0.45524691358024694,0.01916830793118381,6.334214878813041e-05,0.0,6.0,0.0
114,0,1.0,0.0,0.0,0.0,0.0,1.0,0.0,1.0,0.32178217821782173,1.0,0.4473684210526315,0.16381384659193746,0.3182575101578632,0.01971554382681007,0.03602967149417167,0.2093543194419603,0.2469135802469136,0.19577661279718095,0.0028588061456261767,0.16622317558983474,6.0,0.0
115,0,0.0,0.0,1.0,0.0,0.0,1.0,0.0,1.0,0.18663366336633663,1.0,0.4868421052631579,0.10923760211566799,0.15433291147672024,0.020850913665863724,0.03444012716354644,0.07360042926131283,0.2469135802469136,0.11362001467593799,0.0,0.11180418333291511,6.0,0.0
116,0,1.0,0.0,0.0,1.0,0.0,0.0,0.0,1.0,0.007920792079207921,0.0,0.13157894736842102,0.006714672126988357,0.25078265503230524,0.07413658192307102,0.03329212292476155,0.03693435879091398,0.45524691358024694,0.06143592814827693,0.00016466245959055741,0.0,6.0,0.0
117,0,1.0,0.0,0.0,0.0,0.0,1.0,0.0,1.0,0.12320297029702969,1.0,0.3333333333333333,0.04831501071043097,0.4399520415639778,0.03668472006996333,0.03329212292476155,0.20729744231801112,0.2469135802469136,0.06929435319205779,0.0008781093602877008,0.051057129576695455,6.0,0.0
118,0,1.0,0.0,0.0,0.0,0.0,1.0,0.0,1.0,0.17050059702970297,1.0,0.4912280701754385,0.10025152468461901,0.20202491174315595,0.01575709222578517,0.03267396679618509,0.051869075299588625,0.2469135802469136,0.10340917283048745,0.0018083030570521512,0.10284399776439428,6.0,0.0
119,0,1.0,0.0,0.0,0.0,0.0,1.0,0.0,1.0,0.5,1.0,0.4473684210526315,0.1880260711574101,0.41297542130153875,0.029872501035641406,0.03240904274108089,0.2186549812198176,0.2469135802469136,0.29631571263300627,0.003274124474511092,0.190365636724627,2.0,0.0
120,0,1.0,0.0,0.0,0.0,0.0,1.0,0.0,1.0,0.2851485148514851,1.0,0.2982456140350877,0.10283240970193235,0.7641377472856857,0.04102674256256041,0.03002472624514306,0.03407261670541944,0.2469135802469136,0.1659639565664328,0.0018130503273039382,0.10541744639797043,1.0,0.0
121,0,1.0,0.0,0.0,0.0,0.0,1.0,0.0,1.0,0.07341485148514851,1.0,0.4605263157894736,0.0432690438047013,0.2744288283487645,0.016002577596391364,0.02870010596962204,0.10114469683419786,0.2469135802469136,0.04148767238978496,0.01556629915560982,0.046025702267117205,0.0,0.0
122,1,1.0,0.0,0.0,0.0,1.0,0.0,0.0,1.0,0.045238613861386126,0.1875,0.11403508771929823,0.007385999688505925,0.5433291147672018,0.02562253555702165,0.028435181914517833,0.03764979431228762,0.45524691358024694,0.08722636724820856,0.00019992789574668998,0.0,2.0,0.0
123,0,0.0,0.0,1.0,0.0,0.0,1.0,0.0,1.0,0.1628178217821782,1.0,0.49561403508771923,0.09720878147194625,0.3620861919669619,0.014437608358776869,0.02808194984104557,0.07565730638526202,0.2469135802469136,0.09874858180160555,0.0017384503662044271,0.09981002170174615,6.0,0.0
124,1,1.0,0.0,0.0,0.0,0.0,1.0,0.0,1.0,0.2673267326732673,1.0,0.49561403508771923,0.1530718364681959,0.24085792313328447,0.03591757828681897,0.027905333804309436,0.014219280987301026,0.2469135802469136,0.16451023975835183,0.005353428844793831,0.15551211675173857,6.0,0.0
125,0,0.0,0.0,1.0,0.0,0.0,1.0,0.0,1.0,0.30672510594059404,1.0,0.4298245614035087,0.1605032502976649,0.4621328182242058,0.016646976694232627,0.027552101730837157,0.1304775532105169,0.2469135802469136,0.18707578703632533,0.002874946864482253,0.1629221182189462,6.0,0.0
126,0,1.0,0.0,0.0,0.0,0.0,1.0,0.0,1.0,0.2772277227722772,1.0,0.3026315789473684,0.10290594874443208,0.6523679477785921,0.005661506359605382,0.027463793712469084,0.048917903773922376,0.2469135802469136,0.1616833034819868,0.0018405844947643032,0.10549077355015503,4.0,0.0
127,0,1.0,0.0,0.0,0.0,0.0,1.0,0.0,1.0,0.3366336633663366,1.0,0.4780701754385965,0.018655830973522837,0.5949510424298944,0.0011967411817052028,0.026227481455316143,0.2145412269719192,0.2469135802469136,0.1801190971943599,0.054775631800634175,0.021483408246497703,6.0,0.0
128,0,0.0,0.0,1.0,0.0,0.0,1.0,0.0,1.0,0.4646948534653465,1.0,0.38596491228070173,0.1846116844124773,0.8807033903949913,0.14560351044079967,0.02569763334510774,0.192809873010195,0.2469135802469136,0.2766245188955808,0.0032155295959747487,0.1869610879577103,5.0,0.0
129,0,1.0,0.0,0.0,0.0,0.0,1.0,1.0,0.0,0.5178217821782177,1.0,0.3991228070175438,0.25699383113547164,0.4580030640111904,0.1731592432913451,0.025609325326739665,0.22536218923269544,0.2469135802469136,0.31723756834631744,0.004493087838877105,0.25913467776509563,3.0,2.0
130,0,1.0,0.0,0.0,0.0,0.0,1.0,0.0,1.0,0.05841584158415841,1.0,0.3245614035087719,0.026564332382853995,0.19276626923333107,0.02390413796277828,0.025521017308371592,0.0356823466285101,0.2469135802469136,0.030630874085578564,0.0005122982783142795,0.02936912264638395,6.0,0.0
131,0,0.0,1.0,0.0,0.0,0.0,1.0,0.0,1.0,0.3329775247524752,1.0,0.49561403508771923,0.17438499928245743,0.7140478252181445,0.017276032956411003,0.025256093253267393,0.31023072795564294,0.2469135802469136,0.20357032793158739,0.0,0.17676386879570022,6.0,0.0
132,0,1.0,0.0,0.0,0.0,0.0,1.0,0.0,1.0,0.2425742574257426,1.0,0.5043859649122807,0.1302451536919332,0.5567175114900421,0.08127100050631357,0.02472624514305899,0.16633875871937043,0.2469135802469136,0.14736776318799655,0.0022831657185237667,0.1327512052017925,2.0,0.0
133,0,0.0,0.0,1.0,0.0,0.0,1.0,0.0,1.0,0.1975049504950495,1.0,0.3114035087719298,0.07412055425040123,0.19256644241657228,0.01769028951930896,0.024637937124690916,0.23171167948488644,0.2469135802469136,0.11377660782201243,0.0013206905840471644,0.07678831930260843,6.0,0.0
134,0,1.0,0.0,0.0,0.0,0.0,1.0,0.0,1.0,0.0692079207920792,1.0,0.3245614035087719,0.010610384653542103,0.543795377339639,0.05242646946008561,0.02428470505121865,0.04480414952602397,0.2469135802469136,0.0338741329147514,0.0002459085990425705,0.013461143519563866,6.0,0.0
135,0,0.0,0.0,1.0,0.0,0.0,1.0,0.0,1.0,0.2,1.0,0.4912280701754385,0.11258720763990816,0.14627322986744828,0.005431363824662074,0.02410808901448251,0.07243784653908067,0.2469135802469136,0.1214109191788674,0.034065326236480786,0.11514413753527178,6.0,0.0
136,0,1.0,0.0,0.0,0.0,0.0,1.0,0.0,1.0,0.22094947029702972,1.0,0.3289473684210526,0.08470435122336413,0.3355092253380402,0.014928579099989259,0.021988696573648887,0.011089250581291364,0.2469135802469136,0.12821081151287778,0.0015019006713725225,0.0873416208543653,1.0,0.0
137,0,1.0,0.0,0.0,0.0,0.0,1.0,0.0,1.0,0.23267326732673269,1.0,0.44298245614035087,0.12177803803585699,0.3081329514420835,0.0010279699894134434,0.021988696573648887,0.015113575389018065,0.2469135802469136,0.1406191404279942,0.0,0.12430848610764884,6.0,0.0
138,1,1.0,0.0,0.0,0.0,0.0,1.0,0.0,1.0,0.19222304554455447,1.0,0.4473684210526315,0.10131540960075507,0.22014254312928794,0.004925050247786796,0.0205757682797598,0.17778572706134863,0.2469135802469136,0.11535537238016175,0.0017882288857017372,0.1039048172760526,6.0,0.0
139,0,1.0,0.0,0.0,0.0,0.0,1.0,0.0,1.0,0.09594059405940593,1.0,0.44298245614035087,0.05428389848180948,0.6234596682874843,0.014698436565045951,0.020134228187919462,0.09005544625290648,0.2469135802469136,0.05549434348095238,0.0009932645729667643,0.05700881950313883,0.0,0.0
140,0,1.0,0.0,0.0,0.0,0.0,1.0,0.0,1.0,0.2524752475247524,1.0,0.46929824561403505,0.136535408951631,0.2244055152201424,0.004234622642956871,0.020045920169551396,0.1807368985870149,0.2469135802469136,0.1537608753304647,0.048588446663333625,0.13902333615467227,6.0,0.0
141,0,1.0,0.0,0.0,0.0,0.0,1.0,0.0,1.0,0.35110600495049504,1.0,0.3991228070175438,0.16604091793576284,0.3607540131885699,0.038909431241081975,0.019692688096079124,0.22106957610445363,0.2469135802469136,0.21203233342685776,0.057825006937796374,0.16844383000419147,3.0,0.0
142,0,1.0,0.0,0.0,0.0,0.0,1.0,0.0,1.0,0.15565956138613862,1.0,0.4912280701754385,0.09059264806483168,0.22793578898288158,0.061678199364806605,0.01960438007771105,0.03228402790198534,0.2469135802469136,0.09378866817661007,0.0016032209821749495,0.09321295156422381,6.0,0.0
143,1,1.0,0.0,0.0,0.0,0.0,1.0,0.0,1.0,0.5729642623762375,1.0,0.38596491228070173,0.36256481002374874,0.750682741623926,0.5454071221443147,0.019162839985870705,0.1635664460740476,0.0,0.30505019648728043,0.6456130204330649,0.3644014717302725,8.0,4.0
144,1,1.0,0.0,0.0,0.0,0.0,1.0,1.0,0.0,0.40459110891089106,1.0,0.40789473684210525,0.24568812854021166,0.5368680476920004,0.11786366356229958,0.0,0.017975317474512614,0.2469135802469136,0.2540259782559323,0.017259446999982907,0.24786155064001453,2.0,3.0
